ID,filename,label
0,1001.jpg,0
1,1002.jpg,0
2,1003.jpg,0
3,1004.jpg,0
4,1005.jpg,0
5,1006.jpg,0
6,1007.jpg,0
7,1008.jpg,0
8,1009.jpg,0
9,1010.jpg,0
10,1011.jpg,0
11,1012.jpg,0
12,1013.jpg,0
13,1014.jpg,0
14,1015.jpg,0
15,1016.jpg,0
16,1017.jpg,0
17,1018.jpg,0
18,1019.jpg,0
19,1020.jpg,0
20,1021.jpg,0
21,1022.jpg,0
22,1023.jpg,0
23,1024.jpg,0
24,1025.jpg,0
25,1026.jpg,0
26,1027.jpg,0
27,1028.jpg,0
28,1029.jpg,0
29,1030.jpg,0
30,1031.jpg,0
31,1032.jpg,0
32,1033.jpg,0
33,1034.jpg,0
34,1035.jpg,0
35,1036.jpg,0
36,1037.jpg,0
37,1038.jpg,0
38,1039.jpg,0
39,1040.jpg,0
40,1041.jpg,0
41,1042.jpg,0
42,1043.jpg,0
43,1044.jpg,0
44,1045.jpg,0
45,1046.jpg,0
46,1047.jpg,0
47,1048.jpg,0
48,1049.jpg,0
49,1050.jpg,0
50,1051.jpg,0
51,1052.jpg,0
52,1053.jpg,0
53,1054.jpg,0
54,1055.jpg,0
55,1056.jpg,0
56,1057.jpg,0
57,1058.jpg,0
58,1059.jpg,0
59,1060.jpg,0
60,1061.jpg,0
61,1062.jpg,0
62,1063.jpg,0
63,1064.jpg,0
64,1065.jpg,0
65,1066.jpg,0
66,1067.jpg,0
67,1068.jpg,0
68,1069.jpg,0
69,1070.jpg,0
70,1071.jpg,0
71,1072.jpg,0
72,1073.jpg,0
73,1074.jpg,0
74,1075.jpg,0
75,1076.jpg,0
76,1077.jpg,0
77,1078.jpg,0
78,1079.jpg,0
79,1080.jpg,0
80,1081.jpg,0
81,1082.jpg,0
82,1083.jpg,0
83,1084.jpg,0
84,1085.jpg,0
85,1086.jpg,0
86,1087.jpg,0
87,1088.jpg,0
88,1089.jpg,0
89,1090.jpg,0
90,1091.jpg,0
91,1092.jpg,0
92,1093.jpg,0
93,1094.jpg,0
94,1095.jpg,0
95,1096.jpg,0
96,1097.jpg,0
97,1098.jpg,0
98,1099.jpg,0
99,1100.jpg,0
100,1101.jpg,0
101,1102.jpg,0
102,1103.jpg,0
103,1104.jpg,0
104,1105.jpg,0
105,1106.jpg,0
106,1107.jpg,0
107,1108.jpg,0
108,1109.jpg,0
109,1110.jpg,0
110,1111.jpg,0
111,1112.jpg,0
112,1113.jpg,0
113,1114.jpg,0
114,1115.jpg,0
115,1116.jpg,0
116,1117.jpg,0
117,1118.jpg,0
118,1119.jpg,0
119,1120.jpg,0
120,1121.jpg,0
121,1122.jpg,0
122,1123.jpg,0
123,1124.jpg,0
124,1125.jpg,0
125,1126.jpg,0
126,1127.jpg,0
127,1128.jpg,0
128,1129.jpg,0
129,1130.jpg,0
130,1131.jpg,0
131,1132.jpg,0
132,1133.jpg,0
133,1134.jpg,0
134,1135.jpg,0
135,1136.jpg,0
136,1137.jpg,0
137,1138.jpg,0
138,1139.jpg,0
139,1140.jpg,0
140,1141.jpg,0
141,1142.jpg,0
142,1143.jpg,0
143,1144.jpg,0
144,1145.jpg,0
145,1146.jpg,0
146,1147.jpg,0
147,1148.jpg,0
148,1149.jpg,0
149,1150.jpg,0
150,1151.jpg,0
151,1152.jpg,0
152,1153.jpg,0
153,1154.jpg,0
154,1155.jpg,0
155,1156.jpg,0
156,1157.jpg,0
157,1158.jpg,0
158,1159.jpg,0
159,1160.jpg,0
160,1161.jpg,0
161,1162.jpg,0
162,1163.jpg,0
163,1164.jpg,0
164,1165.jpg,0
165,1166.jpg,0
166,1167.jpg,0
167,1168.jpg,0
168,1169.jpg,0
169,1170.jpg,0
170,1171.jpg,0
171,1172.jpg,0
172,1173.jpg,0
173,1174.jpg,0
174,1175.jpg,0
175,1176.jpg,0
176,1177.jpg,0
177,1178.jpg,0
178,1179.jpg,0
179,1180.jpg,0
180,1181.jpg,0
181,1182.jpg,0
182,1183.jpg,0
183,1184.jpg,0
184,1185.jpg,0
185,1186.jpg,0
186,1187.jpg,0
187,1188.jpg,0
188,1189.jpg,0
189,1190.jpg,0
190,1191.jpg,0
191,1192.jpg,0
192,1193.jpg,0
193,1194.jpg,0
194,1195.jpg,0
195,1196.jpg,0
196,1197.jpg,0
197,1198.jpg,0
198,1199.jpg,0
199,1200.jpg,0
200,1201.jpg,0
201,1202.jpg,0
202,1203.jpg,0
203,1204.jpg,0
204,1205.jpg,0
205,1206.jpg,0
206,1207.jpg,0
207,1208.jpg,0
208,1209.jpg,0
209,1210.jpg,0
210,1211.jpg,0
211,1212.jpg,0
212,1213.jpg,0
213,1214.jpg,0
214,1215.jpg,0
215,1216.jpg,0
216,1217.jpg,0
217,1218.jpg,0
218,1219.jpg,0
219,1220.jpg,0
220,1221.jpg,0
221,1222.jpg,0
222,1223.jpg,0
223,1224.jpg,0
224,1225.jpg,0
225,1226.jpg,0
226,1227.jpg,0
227,1228.jpg,0
228,1229.jpg,0
229,1230.jpg,0
230,1231.jpg,0
231,1232.jpg,0
232,1233.jpg,0
233,1234.jpg,0
234,1235.jpg,0
235,1236.jpg,0
236,1237.jpg,0
237,1238.jpg,0
238,1239.jpg,0
239,1240.jpg,0
240,1241.jpg,0
241,1242.jpg,0
242,1243.jpg,0
243,1244.jpg,0
244,1245.jpg,0
245,1246.jpg,0
246,1247.jpg,0
247,1248.jpg,0
248,1249.jpg,0
249,1250.jpg,0
250,1251.jpg,0
251,1252.jpg,0
252,1253.jpg,0
253,1254.jpg,0
254,1255.jpg,0
255,1256.jpg,0
256,1257.jpg,0
257,1258.jpg,0
258,1259.jpg,0
259,1260.jpg,0
260,1261.jpg,0
261,1262.jpg,0
262,1263.jpg,0
263,1264.jpg,0
264,1265.jpg,0
265,1266.jpg,0
266,1267.jpg,0
267,1268.jpg,0
268,1269.jpg,0
269,1270.jpg,0
270,1271.jpg,0
271,1272.jpg,0
272,1273.jpg,0
273,1274.jpg,0
274,1275.jpg,0
275,1276.jpg,0
276,1277.jpg,0
277,1278.jpg,0
278,1279.jpg,0
279,1280.jpg,0
280,1281.jpg,0
281,1282.jpg,0
282,1283.jpg,0
283,1284.jpg,0
284,1285.jpg,0
285,1286.jpg,0
286,1287.jpg,0
287,1288.jpg,0
288,1289.jpg,0
289,1290.jpg,0
290,1291.jpg,0
291,1292.jpg,0
292,1293.jpg,0
293,1294.jpg,0
294,1295.jpg,0
295,1296.jpg,0
296,1297.jpg,0
297,1298.jpg,0
298,1299.jpg,0
299,1300.jpg,0
300,1301.jpg,0
301,1302.jpg,0
302,1303.jpg,0
303,1304.jpg,0
304,1305.jpg,0
305,1306.jpg,0
306,1307.jpg,0
307,1308.jpg,0
308,1309.jpg,0
309,1310.jpg,0
310,1311.jpg,0
311,1312.jpg,0
312,1313.jpg,0
313,1314.jpg,0
314,1315.jpg,0
315,1316.jpg,0
316,1317.jpg,0
317,1318.jpg,0
318,1319.jpg,0
319,1320.jpg,0
320,1321.jpg,0
321,1322.jpg,0
322,1323.jpg,0
323,1324.jpg,0
324,1325.jpg,0
325,1326.jpg,0
326,1327.jpg,0
327,1328.jpg,0
328,1329.jpg,0
329,1330.jpg,0
330,1331.jpg,0
331,1332.jpg,0
332,1333.jpg,0
333,1334.jpg,0
334,1335.jpg,0
335,1336.jpg,0
336,1337.jpg,0
337,1338.jpg,0
338,1339.jpg,0
339,1340.jpg,0
340,1341.jpg,0
341,1342.jpg,0
342,1343.jpg,0
343,1344.jpg,0
344,1345.jpg,0
345,1346.jpg,0
346,1347.jpg,0
347,1348.jpg,0
348,1349.jpg,0
349,1350.jpg,0
350,1351.jpg,0
351,1352.jpg,0
352,1353.jpg,0
353,1354.jpg,0
354,1355.jpg,0
355,1356.jpg,0
356,1357.jpg,0
357,1358.jpg,0
358,1359.jpg,0
359,1360.jpg,0
360,1361.jpg,0
361,1362.jpg,0
362,1363.jpg,0
363,1364.jpg,0
364,1365.jpg,0
365,1366.jpg,0
366,1367.jpg,0
367,1368.jpg,0
368,1369.jpg,0
369,1370.jpg,0
370,1371.jpg,0
371,1372.jpg,0
372,1373.jpg,0
373,1374.jpg,0
374,1375.jpg,0
375,1376.jpg,0
376,1377.jpg,0
377,1378.jpg,0
378,1379.jpg,0
379,1380.jpg,0
380,1381.jpg,0
381,1382.jpg,0
382,1383.jpg,0
383,1384.jpg,0
384,1385.jpg,0
385,1386.jpg,0
386,1387.jpg,0
387,1388.jpg,0
388,1389.jpg,0
389,1390.jpg,0
390,1391.jpg,0
391,1392.jpg,0
392,1393.jpg,0
393,1394.jpg,0
394,1395.jpg,0
395,1396.jpg,0
396,1397.jpg,0
397,1398.jpg,0
398,1399.jpg,0
399,1400.jpg,0
400,1401.jpg,0
401,1402.jpg,0
402,1403.jpg,0
403,1404.jpg,0
404,1405.jpg,0
405,1406.jpg,0
406,1407.jpg,0
407,1408.jpg,0
408,1409.jpg,0
409,1410.jpg,0
410,1411.jpg,0
411,1412.jpg,0
412,1413.jpg,0
413,1414.jpg,0
414,1415.jpg,0
415,1416.jpg,0
416,1417.jpg,0
417,1418.jpg,0
418,1419.jpg,0
419,1420.jpg,0
420,1421.jpg,0
421,1422.jpg,0
422,1423.jpg,0
423,1424.jpg,0
424,1425.jpg,0
425,1426.jpg,0
426,1427.jpg,0
427,1428.jpg,0
428,1429.jpg,0
429,1430.jpg,0
430,1431.jpg,0
431,1432.jpg,0
432,1433.jpg,0
433,1434.jpg,0
434,1435.jpg,0
435,1436.jpg,0
436,1437.jpg,0
437,1438.jpg,0
438,1439.jpg,0
439,1440.jpg,0
440,1441.jpg,0
441,1442.jpg,0
442,1443.jpg,0
443,1444.jpg,0
444,1445.jpg,0
445,1446.jpg,0
446,1447.jpg,0
447,1448.jpg,0
448,1449.jpg,0
449,1450.jpg,0
450,1451.jpg,0
451,1452.jpg,0
452,1453.jpg,0
453,1454.jpg,0
454,1455.jpg,0
455,1456.jpg,0
456,1457.jpg,0
457,1458.jpg,0
458,1459.jpg,0
459,1460.jpg,0
460,1461.jpg,0
461,1462.jpg,0
462,1463.jpg,0
463,1464.jpg,0
464,1465.jpg,0
465,1466.jpg,0
466,1467.jpg,0
467,1468.jpg,0
468,1469.jpg,0
469,1470.jpg,0
470,1471.jpg,0
471,1472.jpg,0
472,1473.jpg,0
473,1474.jpg,0
474,1475.jpg,0
475,1476.jpg,0
476,1477.jpg,0
477,1478.jpg,0
478,1479.jpg,0
479,1480.jpg,0
480,1481.jpg,0
481,1482.jpg,0
482,1483.jpg,0
483,1484.jpg,0
484,1485.jpg,0
485,1486.jpg,0
486,1487.jpg,0
487,1488.jpg,0
488,1489.jpg,0
489,1490.jpg,0
490,1491.jpg,0
491,1492.jpg,0
492,1493.jpg,0
493,1494.jpg,0
494,1495.jpg,0
495,1496.jpg,0
496,1497.jpg,0
497,1498.jpg,0
498,1499.jpg,0
499,1500.jpg,0
500,1501.jpg,0
501,1502.jpg,0
502,1503.jpg,0
503,1504.jpg,0
504,1505.jpg,0
505,1506.jpg,0
506,1507.jpg,0
507,1508.jpg,0
508,1509.jpg,0
509,1510.jpg,0
510,1511.jpg,0
511,1512.jpg,0
512,1513.jpg,0
513,1514.jpg,0
514,1515.jpg,0
515,1516.jpg,0
516,1517.jpg,0
517,1518.jpg,0
518,1519.jpg,0
519,1520.jpg,0
520,1521.jpg,0
521,1522.jpg,0
522,1523.jpg,0
523,1524.jpg,0
524,1525.jpg,0
525,1526.jpg,0
526,1527.jpg,0
527,1528.jpg,0
528,1529.jpg,0
529,1530.jpg,0
530,1531.jpg,0
531,1532.jpg,0
532,1533.jpg,0
533,1534.jpg,0
534,1535.jpg,0
535,1536.jpg,0
536,1537.jpg,0
537,1538.jpg,0
538,1539.jpg,0
539,1540.jpg,0
540,1541.jpg,0
541,1542.jpg,0
542,1543.jpg,0
543,1544.jpg,0
544,1545.jpg,0
545,1546.jpg,0
546,1547.jpg,0
547,1548.jpg,0
548,1549.jpg,0
549,1550.jpg,0
550,1551.jpg,0
551,1552.jpg,0
552,1553.jpg,0
553,1554.jpg,0
554,1555.jpg,0
555,1556.jpg,0
556,1557.jpg,0
557,1558.jpg,0
558,1559.jpg,0
559,1560.jpg,0
560,1561.jpg,0
561,1562.jpg,0
562,1563.jpg,0
563,1564.jpg,0
564,1565.jpg,0
565,1566.jpg,0
566,1567.jpg,0
567,1568.jpg,0
568,1569.jpg,0
569,1570.jpg,0
570,1571.jpg,0
571,1572.jpg,0
572,1573.jpg,0
573,1574.jpg,0
574,1575.jpg,0
575,1576.jpg,0
576,1577.jpg,0
577,1578.jpg,0
578,1579.jpg,0
579,1580.jpg,0
580,1581.jpg,0
581,1582.jpg,0
582,1583.jpg,0
583,1584.jpg,0
584,1585.jpg,0
585,1586.jpg,0
586,1587.jpg,0
587,1588.jpg,0
588,1589.jpg,0
589,1590.jpg,0
590,1591.jpg,0
591,1592.jpg,0
592,1593.jpg,0
593,1594.jpg,0
594,1595.jpg,0
595,1596.jpg,0
596,1597.jpg,0
597,1598.jpg,0
598,1599.jpg,0
599,1600.jpg,0
600,1601.jpg,0
601,1602.jpg,0
602,1603.jpg,0
603,1604.jpg,0
604,1605.jpg,0
605,1606.jpg,0
606,1607.jpg,0
607,1608.jpg,0
608,1609.jpg,0
609,1610.jpg,0
610,1611.jpg,0
611,1612.jpg,0
612,1613.jpg,0
613,1614.jpg,0
614,1615.jpg,0
615,1616.jpg,0
616,1617.jpg,0
617,1618.jpg,0
618,1619.jpg,0
619,1620.jpg,0
620,1621.jpg,0
621,1622.jpg,0
622,1623.jpg,0
623,1624.jpg,0
624,1625.jpg,0
625,1626.jpg,0
626,1627.jpg,0
627,1628.jpg,0
628,1629.jpg,0
629,1630.jpg,0
630,1631.jpg,0
631,1632.jpg,0
632,1633.jpg,0
633,1634.jpg,0
634,1635.jpg,0
635,1636.jpg,0
636,1637.jpg,0
637,1638.jpg,0
638,1639.jpg,0
639,1640.jpg,0
640,1641.jpg,0
641,1642.jpg,0
642,1643.jpg,0
643,1644.jpg,0
644,1645.jpg,0
645,1646.jpg,0
646,1647.jpg,0
647,1648.jpg,0
648,1649.jpg,0
649,1650.jpg,0
650,1651.jpg,0
651,1652.jpg,0
652,1653.jpg,0
653,1654.jpg,0
654,1655.jpg,0
655,1656.jpg,0
656,1657.jpg,0
657,1658.jpg,0
658,1659.jpg,0
659,1660.jpg,0
660,1661.jpg,0
661,1662.jpg,0
662,1663.jpg,0
663,1664.jpg,0
664,1665.jpg,0
665,1666.jpg,0
666,1667.jpg,0
667,1668.jpg,0
668,1669.jpg,0
669,1670.jpg,0
670,1671.jpg,0
671,1672.jpg,0
672,1673.jpg,0
673,1674.jpg,0
674,1675.jpg,0
675,1676.jpg,0
676,1677.jpg,0
677,1678.jpg,0
678,1679.jpg,0
679,1680.jpg,0
680,1681.jpg,0
681,1682.jpg,0
682,1683.jpg,0
683,1684.jpg,0
684,1685.jpg,0
685,1686.jpg,0
686,1687.jpg,0
687,1688.jpg,0
688,1689.jpg,0
689,1690.jpg,0
690,1691.jpg,0
691,1692.jpg,0
692,1693.jpg,0
693,1694.jpg,0
694,1695.jpg,0
695,1696.jpg,0
696,1697.jpg,0
697,1698.jpg,0
698,1699.jpg,0
699,1700.jpg,0
700,1701.jpg,0
701,1702.jpg,0
702,1703.jpg,0
703,1704.jpg,0
704,1705.jpg,0
705,1706.jpg,0
706,1707.jpg,0
707,1708.jpg,0
708,1709.jpg,0
709,1710.jpg,0
710,1711.jpg,0
711,1712.jpg,0
712,1713.jpg,0
713,1714.jpg,0
714,1715.jpg,0
715,1716.jpg,0
716,1717.jpg,0
717,1718.jpg,0
718,1719.jpg,0
719,1720.jpg,0
720,1721.jpg,0
721,1722.jpg,0
722,1723.jpg,0
723,1724.jpg,0
724,1725.jpg,0
725,1726.jpg,0
726,1727.jpg,0
727,1728.jpg,0
728,1729.jpg,0
729,1730.jpg,0
730,1731.jpg,0
731,1732.jpg,0
732,1733.jpg,0
733,1734.jpg,0
734,1735.jpg,0
735,1736.jpg,0
736,1737.jpg,0
737,1738.jpg,0
738,1739.jpg,0
739,1740.jpg,0
740,1741.jpg,0
741,1742.jpg,0
742,1743.jpg,0
743,1744.jpg,0
744,1745.jpg,0
745,1746.jpg,0
746,1747.jpg,0
747,1748.jpg,0
748,1749.jpg,0
749,1750.jpg,0
750,1751.jpg,0
751,1752.jpg,0
752,1753.jpg,0
753,1754.jpg,0
754,1755.jpg,0
755,1756.jpg,0
756,1757.jpg,0
757,1758.jpg,0
758,1759.jpg,0
759,1760.jpg,0
760,1761.jpg,0
761,1762.jpg,0
762,1763.jpg,0
763,1764.jpg,0
764,1765.jpg,0
765,1766.jpg,0
766,1767.jpg,0
767,1768.jpg,0
768,1769.jpg,0
769,1770.jpg,0
770,1771.jpg,0
771,1772.jpg,0
772,1773.jpg,0
773,1774.jpg,0
774,1775.jpg,0
775,1776.jpg,0
776,1777.jpg,0
777,1778.jpg,0
778,1779.jpg,0
779,1780.jpg,0
780,1781.jpg,0
781,1782.jpg,0
782,1783.jpg,0
783,1784.jpg,0
784,1785.jpg,0
785,1786.jpg,0
786,1787.jpg,0
787,1788.jpg,0
788,1789.jpg,0
789,1790.jpg,0
790,1791.jpg,0
791,1792.jpg,0
792,1793.jpg,0
793,1794.jpg,0
794,1795.jpg,0
795,1796.jpg,0
796,1797.jpg,0
797,1798.jpg,0
798,1799.jpg,0
799,1800.jpg,0
800,1801.jpg,0
801,1802.jpg,0
802,1803.jpg,0
803,1804.jpg,0
804,1805.jpg,0
805,1806.jpg,0
806,1807.jpg,0
807,1808.jpg,0
808,1809.jpg,0
809,1810.jpg,0
810,1811.jpg,0
811,1812.jpg,0
812,1813.jpg,0
813,1814.jpg,0
814,1815.jpg,0
815,1816.jpg,0
816,1817.jpg,0
817,1818.jpg,0
818,1819.jpg,0
819,1820.jpg,0
820,1821.jpg,0
821,1822.jpg,0
822,1823.jpg,0
823,1824.jpg,0
824,1825.jpg,0
825,1826.jpg,0
826,1827.jpg,0
827,1828.jpg,0
828,1829.jpg,0
829,1830.jpg,0
830,1831.jpg,0
831,1832.jpg,0
832,1833.jpg,0
833,1834.jpg,0
834,1835.jpg,0
835,1836.jpg,0
836,1837.jpg,0
837,1838.jpg,0
838,1839.jpg,0
839,1840.jpg,0
840,1841.jpg,0
841,1842.jpg,0
842,1843.jpg,0
843,1844.jpg,0
844,1845.jpg,0
845,1846.jpg,0
846,1847.jpg,0
847,1848.jpg,0
848,1849.jpg,0
849,1850.jpg,0
850,1851.jpg,0
851,1852.jpg,0
852,1853.jpg,0
853,1854.jpg,0
854,1855.jpg,0
855,1856.jpg,0
856,1857.jpg,0
857,1858.jpg,0
858,1859.jpg,0
859,1860.jpg,0
860,1861.jpg,0
861,1862.jpg,0
862,1863.jpg,0
863,1864.jpg,0
864,1865.jpg,0
865,1866.jpg,0
866,1867.jpg,0
867,1868.jpg,0
868,1869.jpg,0
869,1870.jpg,0
870,1871.jpg,0
871,1872.jpg,0
872,1873.jpg,0
873,1874.jpg,0
874,1875.jpg,0
875,1876.jpg,0
876,1877.jpg,0
877,1878.jpg,0
878,1879.jpg,0
879,1880.jpg,0
880,1881.jpg,0
881,1882.jpg,0
882,1883.jpg,0
883,1884.jpg,0
884,1885.jpg,0
885,1886.jpg,0
886,1887.jpg,0
887,1888.jpg,0
888,1889.jpg,0
889,1890.jpg,0
890,1891.jpg,0
891,1892.jpg,0
892,1893.jpg,0
893,1894.jpg,0
894,1895.jpg,0
895,1896.jpg,0
896,1897.jpg,0
897,1898.jpg,0
898,1899.jpg,0
899,1900.jpg,0
900,1901.jpg,0
901,1902.jpg,0
902,1903.jpg,0
903,1904.jpg,0
904,1905.jpg,0
905,1906.jpg,0
906,1907.jpg,0
907,1908.jpg,0
908,1909.jpg,0
909,1910.jpg,0
910,1911.jpg,0
911,1912.jpg,0
912,1913.jpg,0
913,1914.jpg,0
914,1915.jpg,0
915,1916.jpg,0
916,1917.jpg,0
917,1918.jpg,0
918,1919.jpg,0
919,1920.jpg,0
920,1921.jpg,0
921,1922.jpg,0
922,1923.jpg,0
923,1924.jpg,0
924,1925.jpg,0
925,1926.jpg,0
926,1927.jpg,0
927,1928.jpg,0
928,1929.jpg,0
929,1930.jpg,0
930,1931.jpg,0
931,1932.jpg,0
932,1933.jpg,0
933,1934.jpg,0
934,1935.jpg,0
935,1936.jpg,0
936,1937.jpg,0
937,1938.jpg,0
938,1939.jpg,0
939,1940.jpg,0
940,1941.jpg,0
941,1942.jpg,0
942,1943.jpg,0
943,1944.jpg,0
944,1945.jpg,0
945,1946.jpg,0
946,1947.jpg,0
947,1948.jpg,0
948,1949.jpg,0
949,1950.jpg,0
950,1951.jpg,0
951,1952.jpg,0
952,1953.jpg,0
953,1954.jpg,0
954,1955.jpg,0
955,1956.jpg,0
956,1957.jpg,0
957,1958.jpg,0
958,1959.jpg,0
959,1960.jpg,0
960,1961.jpg,0
961,1962.jpg,0
962,1963.jpg,0
963,1964.jpg,0
964,1965.jpg,0
965,1966.jpg,0
966,1967.jpg,0
967,1968.jpg,0
968,1969.jpg,0
969,1970.jpg,0
970,1971.jpg,0
971,1972.jpg,0
972,1973.jpg,0
973,1974.jpg,0
974,1975.jpg,0
975,1976.jpg,0
976,1977.jpg,0
977,1978.jpg,0
978,1979.jpg,0
979,1980.jpg,0
980,1981.jpg,0
981,1982.jpg,0
982,1983.jpg,0
983,1984.jpg,0
984,1985.jpg,0
985,1986.jpg,0
986,1987.jpg,0
987,1988.jpg,0
988,1989.jpg,0
989,1990.jpg,0
990,1991.jpg,0
991,1992.jpg,0
992,1993.jpg,0
993,1994.jpg,0
994,1995.jpg,0
995,1996.jpg,0
996,1997.jpg,0
997,1998.jpg,0
998,1999.jpg,0
999,2000.jpg,0
1000,2001.jpg,0
1001,2002.jpg,0
1002,2003.jpg,0
1003,2004.jpg,0
1004,2005.jpg,0
1005,2006.jpg,0
1006,2007.jpg,0
1007,2008.jpg,0
1008,2009.jpg,0
1009,2010.jpg,0
1010,2011.jpg,0
1011,2012.jpg,0
1012,2013.jpg,0
1013,2014.jpg,0
1014,2015.jpg,0
1015,2016.jpg,0
1016,2017.jpg,0
1017,2018.jpg,0
1018,2019.jpg,0
1019,2020.jpg,0
1020,2021.jpg,0
1021,2022.jpg,0
1022,2023.jpg,0
1023,2024.jpg,0
1024,2025.jpg,0
1025,2026.jpg,0
1026,2027.jpg,0
1027,2028.jpg,0
1028,2029.jpg,0
1029,2030.jpg,0
1030,2031.jpg,0
1031,2032.jpg,0
1032,2033.jpg,0
1033,2034.jpg,0
1034,2035.jpg,0
1035,2036.jpg,0
1036,2037.jpg,0
1037,2038.jpg,0
1038,2039.jpg,0
1039,2040.jpg,0
1040,2041.jpg,0
1041,2042.jpg,0
1042,2043.jpg,0
1043,2044.jpg,0
1044,2045.jpg,0
1045,2046.jpg,0
1046,2047.jpg,0
1047,2048.jpg,0
1048,2049.jpg,0
1049,2050.jpg,0
1050,2051.jpg,0
1051,2052.jpg,0
1052,2053.jpg,0
1053,2054.jpg,0
1054,2055.jpg,0
1055,2056.jpg,0
1056,2057.jpg,0
1057,2058.jpg,0
1058,2059.jpg,0
1059,2060.jpg,0
1060,2061.jpg,0
1061,2062.jpg,0
1062,2063.jpg,0
1063,2064.jpg,0
1064,2065.jpg,0
1065,2066.jpg,0
1066,2067.jpg,0
1067,2068.jpg,0
1068,2069.jpg,0
1069,2070.jpg,0
1070,2071.jpg,0
1071,2072.jpg,0
1072,2073.jpg,0
1073,2074.jpg,0
1074,2075.jpg,0
1075,2076.jpg,0
1076,2077.jpg,0
1077,2078.jpg,0
1078,2079.jpg,0
1079,2080.jpg,0
1080,2081.jpg,0
1081,2082.jpg,0
1082,2083.jpg,0
1083,2084.jpg,0
1084,2085.jpg,0
1085,2086.jpg,0
1086,2087.jpg,0
1087,2088.jpg,0
1088,2089.jpg,0
1089,2090.jpg,0
1090,2091.jpg,0
1091,2092.jpg,0
1092,2093.jpg,0
1093,2094.jpg,0
1094,2095.jpg,0
1095,2096.jpg,0
1096,2097.jpg,0
1097,2098.jpg,0
1098,2099.jpg,0
1099,2100.jpg,0
1100,2101.jpg,0
1101,2102.jpg,0
1102,2103.jpg,0
1103,2104.jpg,0
1104,2105.jpg,0
1105,2106.jpg,0
1106,2107.jpg,0
1107,2108.jpg,0
1108,2109.jpg,0
1109,2110.jpg,0
1110,2111.jpg,0
1111,2112.jpg,0
1112,2113.jpg,0
1113,2114.jpg,0
1114,2115.jpg,0
1115,2116.jpg,0
1116,2117.jpg,0
1117,2118.jpg,0
1118,2119.jpg,0
1119,2120.jpg,0
1120,2121.jpg,0
1121,2122.jpg,0
1122,2123.jpg,0
1123,2124.jpg,0
1124,2125.jpg,0
1125,2126.jpg,0
1126,2127.jpg,0
1127,2128.jpg,0
1128,2129.jpg,0
1129,2130.jpg,0
1130,2131.jpg,0
1131,2132.jpg,0
1132,2133.jpg,0
1133,2134.jpg,0
1134,2135.jpg,0
1135,2136.jpg,0
1136,2137.jpg,0
1137,2138.jpg,0
1138,2139.jpg,0
1139,2140.jpg,0
1140,2141.jpg,0
1141,2142.jpg,0
1142,2143.jpg,0
1143,2144.jpg,0
1144,2145.jpg,0
1145,2146.jpg,0
1146,2147.jpg,0
1147,2148.jpg,0
1148,2149.jpg,0
1149,2150.jpg,0
1150,2151.jpg,0
1151,2152.jpg,0
1152,2153.jpg,0
1153,2154.jpg,0
1154,2155.jpg,0
1155,2156.jpg,0
1156,2157.jpg,0
1157,2158.jpg,0
1158,2159.jpg,0
1159,2160.jpg,0
1160,2161.jpg,0
1161,2162.jpg,0
1162,2163.jpg,0
1163,2164.jpg,0
1164,2165.jpg,0
1165,2166.jpg,0
1166,2167.jpg,0
1167,2168.jpg,0
1168,2169.jpg,0
1169,2170.jpg,0
1170,2171.jpg,0
1171,2172.jpg,0
1172,2173.jpg,0
1173,2174.jpg,0
1174,2175.jpg,0
1175,2176.jpg,0
1176,2177.jpg,0
1177,2178.jpg,0
1178,2179.jpg,0
1179,2180.jpg,0
1180,2181.jpg,0
1181,2182.jpg,0
1182,2183.jpg,0
1183,2184.jpg,0
1184,2185.jpg,0
1185,2186.jpg,0
1186,2187.jpg,0
1187,2188.jpg,0
1188,2189.jpg,0
1189,2190.jpg,0
1190,2191.jpg,0
1191,2192.jpg,0
1192,2193.jpg,0
1193,2194.jpg,0
1194,2195.jpg,0
1195,2196.jpg,0
1196,2197.jpg,0
1197,2198.jpg,0
1198,2199.jpg,0
1199,2200.jpg,0
1200,2201.jpg,0
1201,2202.jpg,0
1202,2203.jpg,0
1203,2204.jpg,0
1204,2205.jpg,0
1205,2206.jpg,0
1206,2207.jpg,0
1207,2208.jpg,0
1208,2209.jpg,0
1209,2210.jpg,0
1210,2211.jpg,0
1211,2212.jpg,0
1212,2213.jpg,0
1213,2214.jpg,0
1214,2215.jpg,0
1215,2216.jpg,0
1216,2217.jpg,0
1217,2218.jpg,0
1218,2219.jpg,0
1219,2220.jpg,0
1220,2221.jpg,0
1221,2222.jpg,0
1222,2223.jpg,0
1223,2224.jpg,0
1224,2225.jpg,0
1225,2226.jpg,0
1226,2227.jpg,0
1227,2228.jpg,0
1228,2229.jpg,0
1229,2230.jpg,0
1230,2231.jpg,0
1231,2232.jpg,0
1232,2233.jpg,0
1233,2234.jpg,0
1234,2235.jpg,0
1235,2236.jpg,0
1236,2237.jpg,0
1237,2238.jpg,0
1238,2239.jpg,0
1239,2240.jpg,0
1240,2241.jpg,0
1241,2242.jpg,0
1242,2243.jpg,0
1243,2244.jpg,0
1244,2245.jpg,0
1245,2246.jpg,0
1246,2247.jpg,0
1247,2248.jpg,0
1248,2249.jpg,0
1249,2250.jpg,0
1250,2251.jpg,0
1251,2252.jpg,0
1252,2253.jpg,0
1253,2254.jpg,0
1254,2255.jpg,0
1255,2256.jpg,0
1256,2257.jpg,0
1257,2258.jpg,0
1258,2259.jpg,0
1259,2260.jpg,0
1260,2261.jpg,0
1261,2262.jpg,0
1262,2263.jpg,0
1263,2264.jpg,0
1264,2265.jpg,0
1265,2266.jpg,0
1266,2267.jpg,0
1267,2268.jpg,0
1268,2269.jpg,0
1269,2270.jpg,0
1270,2271.jpg,0
1271,2272.jpg,0
1272,2273.jpg,0
1273,2274.jpg,0
1274,2275.jpg,0
1275,2276.jpg,0
1276,2277.jpg,0
1277,2278.jpg,0
1278,2279.jpg,0
1279,2280.jpg,0
1280,2281.jpg,0
1281,2282.jpg,0
1282,2283.jpg,0
1283,2284.jpg,0
1284,2285.jpg,0
1285,2286.jpg,0
1286,2287.jpg,0
1287,2288.jpg,0
1288,2289.jpg,0
1289,2290.jpg,0
1290,2291.jpg,0
1291,2292.jpg,0
1292,2293.jpg,0
1293,2294.jpg,0
1294,2295.jpg,0
1295,2296.jpg,0
1296,2297.jpg,0
1297,2298.jpg,0
1298,2299.jpg,0
1299,2300.jpg,0
1300,2301.jpg,0
1301,2302.jpg,0
1302,2303.jpg,0
1303,2304.jpg,0
1304,2305.jpg,0
1305,2306.jpg,0
1306,2307.jpg,0
1307,2308.jpg,0
1308,2309.jpg,0
1309,2310.jpg,0
1310,2311.jpg,0
1311,2312.jpg,0
1312,2313.jpg,0
1313,2314.jpg,0
1314,2315.jpg,0
1315,2316.jpg,0
1316,2317.jpg,0
1317,2318.jpg,0
1318,2319.jpg,0
1319,2320.jpg,0
1320,2321.jpg,0
1321,2322.jpg,0
1322,2323.jpg,0
1323,2324.jpg,0
1324,2325.jpg,0
1325,2326.jpg,0
1326,2327.jpg,0
1327,2328.jpg,0
1328,2329.jpg,0
1329,2330.jpg,0
1330,2331.jpg,0
1331,2332.jpg,0
1332,2333.jpg,0
1333,2334.jpg,0
1334,2335.jpg,0
1335,2336.jpg,0
1336,2337.jpg,0
1337,2338.jpg,0
1338,2339.jpg,0
1339,2340.jpg,0
1340,2341.jpg,0
1341,2342.jpg,0
1342,2343.jpg,0
1343,2344.jpg,0
1344,2345.jpg,0
1345,2346.jpg,0
1346,2347.jpg,0
1347,2348.jpg,0
1348,2349.jpg,0
1349,2350.jpg,0
1350,2351.jpg,0
1351,2352.jpg,0
1352,2353.jpg,0
1353,2354.jpg,0
1354,2355.jpg,0
1355,2356.jpg,0
1356,2357.jpg,0
1357,2358.jpg,0
1358,2359.jpg,0
1359,2360.jpg,0
1360,2361.jpg,0
1361,2362.jpg,0
1362,2363.jpg,0
1363,2364.jpg,0
1364,2365.jpg,0
1365,2366.jpg,0
1366,2367.jpg,0
1367,2368.jpg,0
1368,2369.jpg,0
1369,2370.jpg,0
1370,2371.jpg,0
1371,2372.jpg,0
1372,2373.jpg,0
1373,2374.jpg,0
1374,2375.jpg,0
1375,2376.jpg,0
1376,2377.jpg,0
1377,2378.jpg,0
1378,2379.jpg,0
1379,2380.jpg,0
1380,2381.jpg,0
1381,2382.jpg,0
1382,2383.jpg,0
1383,2384.jpg,0
1384,2385.jpg,0
1385,2386.jpg,0
1386,2387.jpg,0
1387,2388.jpg,0
1388,2389.jpg,0
1389,2390.jpg,0
1390,2391.jpg,0
1391,2392.jpg,0
1392,2393.jpg,0
1393,2394.jpg,0
1394,2395.jpg,0
1395,2396.jpg,0
1396,2397.jpg,0
1397,2398.jpg,0
1398,2399.jpg,0
1399,2400.jpg,0
1400,2401.jpg,0
1401,2402.jpg,0
1402,2403.jpg,0
1403,2404.jpg,0
1404,2405.jpg,0
1405,2406.jpg,0
1406,2407.jpg,0
1407,2408.jpg,0
1408,2409.jpg,0
1409,2410.jpg,0
1410,2411.jpg,0
1411,2412.jpg,0
1412,2413.jpg,0
1413,2414.jpg,0
1414,2415.jpg,0
1415,2416.jpg,0
1416,2417.jpg,0
1417,2418.jpg,0
1418,2419.jpg,0
1419,2420.jpg,0
1420,2421.jpg,0
1421,2422.jpg,0
1422,2423.jpg,0
1423,2424.jpg,0
1424,2425.jpg,0
1425,2426.jpg,0
1426,2427.jpg,0
1427,2428.jpg,0
1428,2429.jpg,0
1429,2430.jpg,0
1430,2431.jpg,0
1431,2432.jpg,0
1432,2433.jpg,0
1433,2434.jpg,0
1434,2435.jpg,0
1435,2436.jpg,0
1436,2437.jpg,0
1437,2438.jpg,0
1438,2439.jpg,0
1439,2440.jpg,0
1440,2441.jpg,0
1441,2442.jpg,0
1442,2443.jpg,0
1443,2444.jpg,0
1444,2445.jpg,0
1445,2446.jpg,0
1446,2447.jpg,0
1447,2448.jpg,0
1448,2449.jpg,0
1449,2450.jpg,0
1450,2451.jpg,0
1451,2452.jpg,0
1452,2453.jpg,0
1453,2454.jpg,0
1454,2455.jpg,0
1455,2456.jpg,0
1456,2457.jpg,0
1457,2458.jpg,0
1458,2459.jpg,0
1459,2460.jpg,0
1460,2461.jpg,0
1461,2462.jpg,0
1462,2463.jpg,0
1463,2464.jpg,0
1464,2465.jpg,0
1465,2466.jpg,0
1466,2467.jpg,0
1467,2468.jpg,0
1468,2469.jpg,0
1469,2470.jpg,0
1470,2471.jpg,0
1471,2472.jpg,0
1472,2473.jpg,0
1473,2474.jpg,0
1474,2475.jpg,0
1475,2476.jpg,0
1476,2477.jpg,0
1477,2478.jpg,0
1478,2479.jpg,0
1479,2480.jpg,0
1480,2481.jpg,0
1481,2482.jpg,0
1482,2483.jpg,0
1483,2484.jpg,0
1484,2485.jpg,0
1485,2486.jpg,0
1486,2487.jpg,0
1487,2488.jpg,0
1488,2489.jpg,0
1489,2490.jpg,0
1490,2491.jpg,0
1491,2492.jpg,0
1492,2493.jpg,0
1493,2494.jpg,0
1494,2495.jpg,0
1495,2496.jpg,0
1496,2497.jpg,0
1497,2498.jpg,0
1498,2499.jpg,0
1499,2500.jpg,0
1500,2501.jpg,0
1501,2502.jpg,0
1502,2503.jpg,0
1503,2504.jpg,0
1504,2505.jpg,0
1505,2506.jpg,0
1506,2507.jpg,0
1507,2508.jpg,0
1508,2509.jpg,0
1509,2510.jpg,0
1510,2511.jpg,0
1511,2512.jpg,0
1512,2513.jpg,0
1513,2514.jpg,0
1514,2515.jpg,0
1515,2516.jpg,0
1516,2517.jpg,0
1517,2518.jpg,0
1518,2519.jpg,0
1519,2520.jpg,0
1520,2521.jpg,0
1521,2522.jpg,0
1522,2523.jpg,0
1523,2524.jpg,0
1524,2525.jpg,0
1525,2526.jpg,0
1526,2527.jpg,0
1527,2528.jpg,0
1528,2529.jpg,0
1529,2530.jpg,0
1530,2531.jpg,0
1531,2532.jpg,0
1532,2533.jpg,0
1533,2534.jpg,0
1534,2535.jpg,0
1535,2536.jpg,0
1536,2537.jpg,0
1537,2538.jpg,0
1538,2539.jpg,0
1539,2540.jpg,0
1540,2541.jpg,0
1541,2542.jpg,0
1542,2543.jpg,0
1543,2544.jpg,0
1544,2545.jpg,0
1545,2546.jpg,0
1546,2547.jpg,0
1547,2548.jpg,0
1548,2549.jpg,0
1549,2550.jpg,0
1550,2551.jpg,0
1551,2552.jpg,0
1552,2553.jpg,0
1553,2554.jpg,0
1554,2555.jpg,0
1555,2556.jpg,0
1556,2557.jpg,0
1557,2558.jpg,0
1558,2559.jpg,0
1559,2560.jpg,0
1560,2561.jpg,0
1561,2562.jpg,0
1562,2563.jpg,0
1563,2564.jpg,0
1564,2565.jpg,0
1565,2566.jpg,0
1566,2567.jpg,0
1567,2568.jpg,0
1568,2569.jpg,0
1569,2570.jpg,0
1570,2571.jpg,0
1571,2572.jpg,0
1572,2573.jpg,0
1573,2574.jpg,0
1574,2575.jpg,0
1575,2576.jpg,0
1576,2577.jpg,0
1577,2578.jpg,0
1578,2579.jpg,0
1579,2580.jpg,0
1580,2581.jpg,0
1581,2582.jpg,0
1582,2583.jpg,0
1583,2584.jpg,0
1584,2585.jpg,0
1585,2586.jpg,0
1586,2587.jpg,0
1587,2588.jpg,0
1588,2589.jpg,0
1589,2590.jpg,0
1590,2591.jpg,0
1591,2592.jpg,0
1592,2593.jpg,0
1593,2594.jpg,0
1594,2595.jpg,0
1595,2596.jpg,0
1596,2597.jpg,0
1597,2598.jpg,0
1598,2599.jpg,0
1599,2600.jpg,0
1600,2601.jpg,0
1601,2602.jpg,0
1602,2603.jpg,0
1603,2604.jpg,0
1604,2605.jpg,0
1605,2606.jpg,0
1606,2607.jpg,0
1607,2608.jpg,0
1608,2609.jpg,0
1609,2610.jpg,0
1610,2611.jpg,0
1611,2612.jpg,0
1612,2613.jpg,0
1613,2614.jpg,0
1614,2615.jpg,0
1615,2616.jpg,0
1616,2617.jpg,0
1617,2618.jpg,0
1618,2619.jpg,0
1619,2620.jpg,0
1620,2621.jpg,0
1621,2622.jpg,0
1622,2623.jpg,0
1623,2624.jpg,0
1624,2625.jpg,0
1625,2626.jpg,0
1626,2627.jpg,0
1627,2628.jpg,0
1628,2629.jpg,0
1629,2630.jpg,0
1630,2631.jpg,0
1631,2632.jpg,0
1632,2633.jpg,0
1633,2634.jpg,0
1634,2635.jpg,0
1635,2636.jpg,0
1636,2637.jpg,0
1637,2638.jpg,0
1638,2639.jpg,0
1639,2640.jpg,0
1640,2641.jpg,0
1641,2642.jpg,0
1642,2643.jpg,0
1643,2644.jpg,0
1644,2645.jpg,0
1645,2646.jpg,0
1646,2647.jpg,0
1647,2648.jpg,0
1648,2649.jpg,0
1649,2650.jpg,0
1650,2651.jpg,0
1651,2652.jpg,0
1652,2653.jpg,0
1653,2654.jpg,0
1654,2655.jpg,0
1655,2656.jpg,0
1656,2657.jpg,0
1657,2658.jpg,0
1658,2659.jpg,0
1659,2660.jpg,0
1660,2661.jpg,0
1661,2662.jpg,0
1662,2663.jpg,0
1663,2664.jpg,0
1664,2665.jpg,0
1665,2666.jpg,0
1666,2667.jpg,0
1667,2668.jpg,0
1668,2669.jpg,0
1669,2670.jpg,0
1670,2671.jpg,0
1671,2672.jpg,0
1672,2673.jpg,0
1673,2674.jpg,0
1674,2675.jpg,0
1675,2676.jpg,0
1676,2677.jpg,0
1677,2678.jpg,0
1678,2679.jpg,0
1679,2680.jpg,0
1680,2681.jpg,0
1681,2682.jpg,0
1682,2683.jpg,0
1683,2684.jpg,0
1684,2685.jpg,0
1685,2686.jpg,0
1686,2687.jpg,0
1687,2688.jpg,0
1688,2689.jpg,0
1689,2690.jpg,0
1690,2691.jpg,0
1691,2692.jpg,0
1692,2693.jpg,0
1693,2694.jpg,0
1694,2695.jpg,0
1695,2696.jpg,0
1696,2697.jpg,0
1697,2698.jpg,0
1698,2699.jpg,0
1699,2700.jpg,0
1700,2701.jpg,0
1701,2702.jpg,0
1702,2703.jpg,0
1703,2704.jpg,0
1704,2705.jpg,0
1705,2706.jpg,0
1706,2707.jpg,0
1707,2708.jpg,0
1708,2709.jpg,0
1709,2710.jpg,0
1710,2711.jpg,0
1711,2712.jpg,0
1712,2713.jpg,0
1713,2714.jpg,0
1714,2715.jpg,0
1715,2716.jpg,0
1716,2717.jpg,0
1717,2718.jpg,0
1718,2719.jpg,0
1719,2720.jpg,0
1720,2721.jpg,0
1721,2722.jpg,0
1722,2723.jpg,0
1723,2724.jpg,0
1724,2725.jpg,0
1725,2726.jpg,0
1726,2727.jpg,0
1727,2728.jpg,0
1728,2729.jpg,0
1729,2730.jpg,0
1730,2731.jpg,0
1731,2732.jpg,0
1732,2733.jpg,0
1733,2734.jpg,0
1734,2735.jpg,0
1735,2736.jpg,0
1736,2737.jpg,0
1737,2738.jpg,0
1738,2739.jpg,0
1739,2740.jpg,0
1740,2741.jpg,0
1741,2742.jpg,0
1742,2743.jpg,0
1743,2744.jpg,0
1744,2745.jpg,0
1745,2746.jpg,0
1746,2747.jpg,0
1747,2748.jpg,0
1748,2749.jpg,0
1749,2750.jpg,0
1750,2751.jpg,0
1751,2752.jpg,0
1752,2753.jpg,0
1753,2754.jpg,0
1754,2755.jpg,0
1755,2756.jpg,0
1756,2757.jpg,0
1757,2758.jpg,0
1758,2759.jpg,0
1759,2760.jpg,0
1760,2761.jpg,0
1761,2762.jpg,0
1762,2763.jpg,0
1763,2764.jpg,0
1764,2765.jpg,0
1765,2766.jpg,0
1766,2767.jpg,0
1767,2768.jpg,0
1768,2769.jpg,0
1769,2770.jpg,0
1770,2771.jpg,0
1771,2772.jpg,0
1772,2773.jpg,0
1773,2774.jpg,0
1774,2775.jpg,0
1775,2776.jpg,0
1776,2777.jpg,0
1777,2778.jpg,0
1778,2779.jpg,0
1779,2780.jpg,0
1780,2781.jpg,0
1781,2782.jpg,0
1782,2783.jpg,0
1783,2784.jpg,0
1784,2785.jpg,0
1785,2786.jpg,0
1786,2787.jpg,0
1787,2788.jpg,0
1788,2789.jpg,0
1789,2790.jpg,0
1790,2791.jpg,0
1791,2792.jpg,0
1792,2793.jpg,0
1793,2794.jpg,0
1794,2795.jpg,0
1795,2796.jpg,0
1796,2797.jpg,0
1797,2798.jpg,0
1798,2799.jpg,0
1799,2800.jpg,0
1800,2801.jpg,0
1801,2802.jpg,0
1802,2803.jpg,0
1803,2804.jpg,0
1804,2805.jpg,0
1805,2806.jpg,0
1806,2807.jpg,0
1807,2808.jpg,0
1808,2809.jpg,0
1809,2810.jpg,0
1810,2811.jpg,0
1811,2812.jpg,0
1812,2813.jpg,0
1813,2814.jpg,0
1814,2815.jpg,0
1815,2816.jpg,0
1816,2817.jpg,0
1817,2818.jpg,0
1818,2819.jpg,0
1819,2820.jpg,0
1820,2821.jpg,0
1821,2822.jpg,0
1822,2823.jpg,0
1823,2824.jpg,0
1824,2825.jpg,0
1825,2826.jpg,0
1826,2827.jpg,0
1827,2828.jpg,0
1828,2829.jpg,0
1829,2830.jpg,0
1830,2831.jpg,0
1831,2832.jpg,0
1832,2833.jpg,0
1833,2834.jpg,0
1834,2835.jpg,0
1835,2836.jpg,0
1836,2837.jpg,0
1837,2838.jpg,0
1838,2839.jpg,0
1839,2840.jpg,0
1840,2841.jpg,0
1841,2842.jpg,0
1842,2843.jpg,0
1843,2844.jpg,0
1844,2845.jpg,0
1845,2846.jpg,0
1846,2847.jpg,0
1847,2848.jpg,0
1848,2849.jpg,0
1849,2850.jpg,0
1850,2851.jpg,0
1851,2852.jpg,0
1852,2853.jpg,0
1853,2854.jpg,0
1854,2855.jpg,0
1855,2856.jpg,0
1856,2857.jpg,0
1857,2858.jpg,0
1858,2859.jpg,0
1859,2860.jpg,0
1860,2861.jpg,0
1861,2862.jpg,0
1862,2863.jpg,0
1863,2864.jpg,0
1864,2865.jpg,0
1865,2866.jpg,0
1866,2867.jpg,0
1867,2868.jpg,0
1868,2869.jpg,0
1869,2870.jpg,0
1870,2871.jpg,0
1871,2872.jpg,0
1872,2873.jpg,0
1873,2874.jpg,0
1874,2875.jpg,0
1875,2876.jpg,0
1876,2877.jpg,0
1877,2878.jpg,0
1878,2879.jpg,0
1879,2880.jpg,0
1880,2881.jpg,0
1881,2882.jpg,0
1882,2883.jpg,0
1883,2884.jpg,0
1884,2885.jpg,0
1885,2886.jpg,0
1886,2887.jpg,0
1887,2888.jpg,0
1888,2889.jpg,0
1889,2890.jpg,0
1890,2891.jpg,0
1891,2892.jpg,0
1892,2893.jpg,0
1893,2894.jpg,0
1894,2895.jpg,0
1895,2896.jpg,0
1896,2897.jpg,0
1897,2898.jpg,0
1898,2899.jpg,0
1899,2900.jpg,0
1900,2901.jpg,0
1901,2902.jpg,0
1902,2903.jpg,0
1903,2904.jpg,0
1904,2905.jpg,0
1905,2906.jpg,0
1906,2907.jpg,0
1907,2908.jpg,0
1908,2909.jpg,0
1909,2910.jpg,0
1910,2911.jpg,0
1911,2912.jpg,0
1912,2913.jpg,0
1913,2914.jpg,0
1914,2915.jpg,0
1915,2916.jpg,0
1916,2917.jpg,0
1917,2918.jpg,0
1918,2919.jpg,0
1919,2920.jpg,0
1920,2921.jpg,0
1921,2922.jpg,0
1922,2923.jpg,0
1923,2924.jpg,0
1924,2925.jpg,0
1925,2926.jpg,0
1926,2927.jpg,0
1927,2928.jpg,0
1928,2929.jpg,0
1929,2930.jpg,0
1930,2931.jpg,0
1931,2932.jpg,0
1932,2933.jpg,0
1933,2934.jpg,0
1934,2935.jpg,0
1935,2936.jpg,0
1936,2937.jpg,0
1937,2938.jpg,0
1938,2939.jpg,0
1939,2940.jpg,0
1940,2941.jpg,0
1941,2942.jpg,0
1942,2943.jpg,0
1943,2944.jpg,0
1944,2945.jpg,0
1945,2946.jpg,0
1946,2947.jpg,0
1947,2948.jpg,0
1948,2949.jpg,0
1949,2950.jpg,0
1950,2951.jpg,0
1951,2952.jpg,0
1952,2953.jpg,0
1953,2954.jpg,0
1954,2955.jpg,0
1955,2956.jpg,0
1956,2957.jpg,0
1957,2958.jpg,0
1958,2959.jpg,0
1959,2960.jpg,0
1960,2961.jpg,0
1961,2962.jpg,0
1962,2963.jpg,0
1963,2964.jpg,0
1964,2965.jpg,0
1965,2966.jpg,0
1966,2967.jpg,0
1967,2968.jpg,0
1968,2969.jpg,0
1969,2970.jpg,0
1970,2971.jpg,0
1971,2972.jpg,0
1972,2973.jpg,0
1973,2974.jpg,0
1974,2975.jpg,0
1975,2976.jpg,0
1976,2977.jpg,0
1977,2978.jpg,0
1978,2979.jpg,0
1979,2980.jpg,0
1980,2981.jpg,0
1981,2982.jpg,0
1982,2983.jpg,0
1983,2984.jpg,0
1984,2985.jpg,0
1985,2986.jpg,0
1986,2987.jpg,0
1987,2988.jpg,0
1988,2989.jpg,0
1989,2990.jpg,0
1990,2991.jpg,0
1991,2992.jpg,0
1992,2993.jpg,0
1993,2994.jpg,0
1994,2995.jpg,0
1995,2996.jpg,0
1996,2997.jpg,0
1997,2998.jpg,0
1998,2999.jpg,0
1999,3000.jpg,0
